{
	"providers": {
		"awscloudformation": {
			"AuthRoleName": "amplify-hackzuri2020-hackzurich-121504-authRole",
			"UnauthRoleArn": "arn:aws:iam::407824493747:role/amplify-hackzuri2020-hackzurich-121504-unauthRole",
			"AuthRoleArn": "arn:aws:iam::407824493747:role/amplify-hackzuri2020-hackzurich-121504-authRole",
			"Region": "us-east-1",
			"DeploymentBucketName": "amplify-hackzuri2020-hackzurich-121504-deployment",
			"UnauthRoleName": "amplify-hackzuri2020-hackzurich-121504-unauthRole",
			"StackName": "amplify-hackzuri2020-hackzurich-121504",
			"StackId": "arn:aws:cloudformation:us-east-1:407824493747:stack/amplify-hackzuri2020-hackzurich-121504/35880d40-71a6-11ea-8dd2-1201663355d3",
			"AmplifyAppId": "d1glbts5ianolv"
		}
	},
	"api": {
		"hackzuri2020": {
			"service": "AppSync",
			"providerPlugin": "awscloudformation",
			"output": {
				"authConfig": {
					"additionalAuthenticationProviders": [],
					"defaultAuthentication": {
						"authenticationType": "API_KEY",
						"apiKeyConfig": {
							"description": "apikey",
							"apiKeyExpirationDays": "365"
						}
					}
				},
				"GraphQLAPIIdOutput": "z6ux52pdpvevniwfq6g7iyyswq",
				"GraphQLAPIEndpointOutput": "https://2ztkkalme5ennngqbtghj2fhou.appsync-api.us-east-1.amazonaws.com/graphql",
				"GraphQLAPIKeyOutput": "da2-y7yo2nc7bnahxkf3reo7cmfusu"
			},
			"lastPushTimeStamp": "2020-03-29T10:36:11.672Z",
			"providerMetadata": {
				"s3TemplateURL": "https://s3.amazonaws.com/amplify-hackzuri2020-hackzurich-121504-deployment/amplify-cfn-templates/api/cloudformation-template.json",
				"logicalId": "apihackzuri2020"
			},
			"lastPushDirHash": "QHXxqb+hlb456oSxm8og+0y5X6c="
		}
	}
}